49948,Anniston-Oxford,MT0111500000000,Alabama,AL
96825,Auburn-Opelika,MT0112220000000,Alabama,AL
571075,Birmingham,MT0113820000000,Alabama,AL
117329,Daphne-Fairhope-Foley,MT0119300000000,Alabama,AL
77391,Decatur,MT0119460000000,Alabama,AL
68323,Dothan,MT0120020000000,Alabama,AL
70196,Florence-Muscle Shoals,MT0122520000000,Alabama,AL
42367,Gadsden,MT0123460000000,Alabama,AL
279687,Huntsville,MT0126620000000,Alabama,AL
188783,Mobile,MT0133660000000,Alabama,AL
179641,Montgomery,MT0133860000000,Alabama,AL
127040,Tuscaloosa,MT0146220000000,Alabama,AL
204581,Anchorage,MT0211260000000,Alaska,AK
46636,Fairbanks-College,MT0221820000000,Alaska,AK
75342,Flagstaff,MT0422380000000,Arizona,AZ
87428,Lake Havasu City-Kingman,MT0429420000000,Arizona,AZ
2717204,Phoenix-Mesa-Chandler,MT0438060000000,Arizona,AZ
105948,Prescott Valley-Prescott,MT0439150000000,Arizona,AZ
47445,Sierra Vista-Douglas,MT0443420000000,Arizona,AZ
494737,Tucson,MT0446060000000,Arizona,AZ
97591,Yuma,MT0449740000000,Arizona,AZ
309121,Fayetteville-Springdale-Rogers,MT0522220000000,Arkansas,AR
101906,Fort Smith,MT0522900000000,Arkansas,AR
43275,Hot Springs,MT0526300000000,Arkansas,AR
66749,Jonesboro,MT0527860000000,Arkansas,AR
382134,Little Rock-North Little Rock-Conway,MT0530780000000,Arkansas,AR
407741,Bakersfield-Delano,MT0612540000000,California,CA
91978,Chico,MT0617020000000,California,CA
73554,El Centro,MT0620940000000,California,CA
540283,Fresno,MT0623420000000,California,CA
58893,Hanford-Corcoran,MT0625260000000,California,CA
6713121,Los Angeles-Long Beach-Anaheim,MT0631080000000,California,CA
120431,Merced,MT0632900000000,California,CA
256829,Modesto,MT0633700000000,California,CA
73769,Napa,MT0634900000000,California,CA
418568,Oxnard-Thousand Oaks-Ventura,MT0637100000000,California,CA
79863,Redding,MT0639820000000,California,CA
2235390,Riverside-San Bernardino-Ontario,MT0640140000000,California,CA
1183082,Sacramento-Roseville-Folsom,MT0640900000000,California,CA
212934,Salinas,MT0641500000000,California,CA
1652159,San Diego-Chula Vista-Carlsbad,MT0641740000000,California,CA
2492407,San Francisco-Oakland-Fremont,MT0641860000000,California,CA
1055546,San Jose-Sunnyvale-Santa Clara,MT0641940000000,California,CA
130100,San Luis Obispo-Paso Robles,MT0642020000000,California,CA
134211,Santa Cruz-Watsonville,MT0642100000000,California,CA
216900,Santa Maria-Santa Barbara,MT0642200000000,California,CA
245242,Santa Rosa-Petaluma,MT0642220000000,California,CA
373011,Stockton-Lodi,MT0644700000000,California,CA
215646,Vallejo,MT0646700000000,California,CA
221082,Visalia,MT0647300000000,California,CA
81326,Yuba City,MT0649700000000,California,CA
193211,Boulder,MT0814500000000,Colorado,CO
396607,Colorado Springs,MT0817820000000,Colorado,CO
1775363,Denver-Aurora-Centennial,MT0819740000000,Colorado,CO
207206,Fort Collins-Loveland,MT0822660000000,Colorado,CO
80541,Grand Junction,MT0824300000000,Colorado,CO
177576,Greeley,MT0824540000000,Colorado,CO
73723,Pueblo,MT0839380000000,Colorado,CO
518416,Bridgeport-Stamford-Danbury,MT0914860000000,Connecticut,CT
616612,Hartford-West Hartford-East Hartford,MT0925540000000,Connecticut,CT
318908,New Haven,MT0935300000000,Connecticut,CT
143629,Norwich-New London-Willimantic,MT0935980000000,Connecticut,CT
242177,Waterbury-Shelton,MT0947930000000,Connecticut,CT
85208,Dover,MT1020100000000,Delaware,DE
373181,Cape Coral-Fort Myers,MT1215980000000,Florida,FL
141238,Crestview-Fort Walton Beach-Destin,MT1218880000000,Florida,FL
320398,Deltona-Daytona Beach-Ormond Beach,MT1219660000000,Florida,FL
169770,Gainesville,MT1223540000000,Florida,FL
53454,Homosassa Springs,MT1226140000000,Florida,FL
854593,Jacksonville,MT1227260000000,Florida,FL
358393,Lakeland-Winter Haven,MT1229460000000,Florida,FL
3303590,Miami-Fort Lauderdale-West Palm Beach,MT1233100000000,Florida,FL
185101,Naples-Marco Island,MT1234940000000,Florida,FL
397525,North Port-Bradenton-Sarasota,MT1235840000000,Florida,FL
159010,Ocala,MT1236100000000,Florida,FL
1534583,Orlando-Kissimmee-Sanford,MT1236740000000,Florida,FL
304502,Palm Bay-Melbourne-Titusville,MT1237340000000,Florida,FL
100649,Panama City-Panama City Beach,MT1237460000000,Florida,FL
237228,Pensacola-Ferry Pass-Brent,MT1237860000000,Florida,FL
240238,Port St. Lucie,MT1238940000000,Florida,FL
77116,Punta Gorda,MT1239460000000,Florida,FL
67250,Sebastian-Vero Beach-West Vero Corridor,MT1242680000000,Florida,FL
36730,Sebring,MT1242700000000,Florida,FL
208276,Tallahassee,MT1245220000000,Florida,FL
1695885,Tampa-St. Petersburg-Clearwater,MT1245300000000,Florida,FL
34129,Wildwood-The Villages,MT1248680000000,Florida,FL
62113,Albany,MT1310500000000,Georgia,GA
109267,Athens-Clarke County,MT1312020000000,Georgia,GA
3298356,Atlanta-Sandy Springs-Roswell,MT1312060000000,Georgia,GA
265600,Augusta-Richmond County,MT1312260000000,Georgia,GA
55239,Brunswick-St. Simons,MT1315260000000,Georgia,GA
128293,Columbus,MT1317980000000,Georgia,GA
69244,Dalton,MT1319140000000,Georgia,GA
108627,Gainesville,MT1323580000000,Georgia,GA
30985,Hinesville,MT1325980000000,Georgia,GA
96812,Macon-Bibb County,MT1331420000000,Georgia,GA
48292,Rome,MT1340660000000,Georgia,GA
208600,Savannah,MT1342340000000,Georgia,GA
61522,Valdosta,MT1346660000000,Georgia,GA
89566,Warner Robins,MT1347580000000,Georgia,GA
80597,Kahului-Wailuku,MT1527980000000,Hawaii,HI
472963,Urban Honolulu,MT1546520000000,Hawaii,HI
454065,Boise City,MT1614260000000,Idaho,ID
90534,Coeur d'Alene,MT1617660000000,Idaho,ID
84729,Idaho Falls,MT1626820000000,Idaho,ID
31117,Lewiston,MT1630300000000,Idaho,ID
41314,Pocatello,MT1638540000000,Idaho,ID
60207,Twin Falls,MT1646300000000,Idaho,ID
95783,Bloomington,MT1714010000000,Illinois,IL
126971,Champaign-Urbana,MT1716580000000,Illinois,IL
5018966,Chicago-Naperville-Elgin,MT1716980000000,Illinois,IL
188155,Davenport-Moline-Rock Island,MT1719340000000,Iowa,IA
44196,Decatur,MT1719500000000,Illinois,IL
51266,Kankakee,MT1728100000000,Illinois,IL
177445,Peoria,MT1737900000000,Illinois,IL
161081,Rockford,MT1740420000000,Illinois,IL
103976,Springfield,MT1744100000000,Illinois,IL
86039,Bloomington,MT1814020000000,Indiana,IN
39588,Columbus,MT1818020000000,Indiana,IN
97384,Elkhart-Goshen,MT1821140000000,Indiana,IN
135756,Evansville,MT1821780000000,Indiana,IN
232849,Fort Wayne,MT1823060000000,Indiana,IN
1143822,Indianapolis-Carmel-Greenwood,MT1826900000000,Indiana,IN
37069,Kokomo,MT1829020000000,Indiana,IN
121633,Lafayette-West Lafayette,MT1829200000000,Indiana,IN
51642,Michigan City-La Porte,MT1833140000000,Indiana,IN
54125,Muncie,MT1834620000000,Indiana,IN
155983,South Bend-Mishawaka,MT1843780000000,Indiana,IN
77968,Terre Haute,MT1845460000000,Indiana,IN
70672,Ames,MT1911180000000,Iowa,IA
145293,Cedar Rapids,MT1916300000000,Iowa,IA
411521,Des Moines-West Des Moines,MT1919780000000,Iowa,IA
53566,Dubuque,MT1920220000000,Iowa,IA
100546,Iowa City,MT1926980000000,Iowa,IA
75967,Sioux City,MT1943580000000,Iowa,IA
88246,Waterloo-Cedar Falls,MT1947940000000,Iowa,IA
72671,Lawrence,MT2029940000000,Kansas,KS
64948,Manhattan,MT2031740000000,Kansas,KS
118710,Topeka,MT2045820000000,Kansas,KS
336610,Wichita,MT2048620000000,Kansas,KS
93668,Bowling Green,MT2114540000000,Kentucky,KY
55853,Elizabethtown,MT2121060000000,Kentucky,KY
278566,Lexington-Fayette,MT2130460000000,Kentucky,KY
704052,Louisville/Jefferson County,MT2131140000000,Kentucky,KY
52517,Owensboro,MT2136980000000,Kentucky,KY
46117,Paducah,MT2137140000000,Kentucky,KY
64252,Alexandria,MT2210780000000,Louisiana,LA
426262,Baton Rouge,MT2212940000000,Louisiana,LA
61108,Hammond,MT2225220000000,Louisiana,LA
87934,Houma-Bayou Cane-Thibodaux,MT2226380000000,Louisiana,LA
197065,Lafayette,MT2229180000000,Louisiana,LA
97319,Lake Charles,MT2229340000000,Louisiana,LA
95405,Monroe,MT2233740000000,Louisiana,LA
464663,New Orleans-Metairie,MT2235380000000,Louisiana,LA
167041,Shreveport-Bossier City,MT2243340000000,Louisiana,LA
128932,Slidell-Mandeville-Covington,MT2243640000000,Louisiana,LA
76870,Bangor,MT2312620000000,Maine,ME
55711,Lewiston-Auburn,MT2330340000000,Maine,ME
314916,Portland-South Portland,MT2338860000000,Maine,ME
1491201,Baltimore-Columbia-Towson,MT2412580000000,Maryland,MD
143060,Hagerstown-Martinsburg,MT2425180000000,Maryland,MD
109123,Lexington Park,MT2430500000000,Maryland,MD
64525,Salisbury,MT2441540000000,Maryland,MD
86654,Amherst Town-Northampton,MT2511200000000,Massachusetts,MA
115438,Barnstable Town,MT2512700000000,Massachusetts,MA
2850348,Boston-Cambridge-Newton,MT2514460000000,Massachusetts,MA
64096,Pittsfield,MT2538340000000,Massachusetts,MA
227051,Springfield,MT2544140000000,Massachusetts,MA
471229,Worcester,MT2549340000000,Massachusetts,MA
210074,Ann Arbor,MT2611460000000,Michigan,MI
64833,Battle Creek,MT2612980000000,Michigan,MI
50608,Bay City,MT2613020000000,Michigan,MI
2172533,Detroit-Warren-Dearborn,MT2619820000000,Michigan,MI
190801,Flint,MT2622420000000,Michigan,MI
630697,Grand Rapids-Wyoming-Kentwood,MT2624340000000,Michigan,MI
75348,Jackson,MT2627100000000,Michigan,MI
142045,Kalamazoo-Portage,MT2628020000000,Michigan,MI
260899,Lansing-East Lansing,MT2629620000000,Michigan,MI
43601,Midland,MT2633220000000,Michigan,MI
79624,Monroe,MT2633780000000,Michigan,MI
85872,Muskegon-Norton Shores,MT2634740000000,Michigan,MI
77265,Niles,MT2635660000000,Michigan,MI
86027,Saginaw,MT2640980000000,Michigan,MI
81840,Traverse City,MT2645900000000,Michigan,MI
139675,Duluth,MT2720260000000,Minnesota,MN
60174,Mankato,MT2731860000000,Minnesota,MN
2068549,Minneapolis-St. Paul-Bloomington,MT2733460000000,Minnesota,MN
129988,Rochester,MT2740340000000,Minnesota,MN
110497,St. Cloud,MT2741060000000,Minnesota,MN
190288,Gulfport-Biloxi,MT2825060000000,Mississippi,MS
71632,Hattiesburg,MT2825620000000,Mississippi,MS
288165,Jackson,MT2827140000000,Mississippi,MS
49420,Cape Girardeau,MT2916020000000,Missouri,MO
113800,Columbia,MT2917860000000,Missouri,MO
76778,Jefferson City,MT2927620000000,Missouri,MO
98434,Joplin,MT2927900000000,Missouri,MO
1195639,Kansas City,MT2928140000000,Missouri,MO
54897,St. Joseph,MT2941140000000,Missouri,MO
1475340,St. Louis,MT2941180000000,Missouri,MO
244955,Springfield,MT2944180000000,Missouri,MO
98967,Billings,MT3013740000000,Montana,MT
76724,Bozeman,MT3014580000000,Montana,MT
39611,Great Falls,MT3024500000000,Montana,MT
47367,Helena,MT3025740000000,Montana,MT
74009,Missoula,MT3033540000000,Montana,MT
42856,Grand Island,MT3124260000000,Nebraska,NE
195025,Lincoln,MT3130700000000,Nebraska,NE
526317,Omaha,MT3136540000000,Nebraska,NE
29179,Carson City,MT3216180000000,Nevada,NV
1223354,Las Vegas-Henderson-North Las Vegas,MT3229820000000,Nevada,NV
301308,Reno,MT3239900000000,Nevada,NV
242767,Manchester-Nashua,MT3331700000000,New Hampshire,NH
177586,Atlantic City-Hammonton,MT3412100000000,New Jersey,NJ
198683,Trenton-Princeton,MT3445940000000,New Jersey,NJ
66126,Vineland,MT3447220000000,New Jersey,NJ
469043,Albuquerque,MT3510740000000,New Mexico,NM
50216,Farmington,MT3522140000000,New Mexico,NM
102677,Las Cruces,MT3529740000000,New Mexico,NM
74665,Santa Fe,MT3542140000000,New Mexico,NM
449017,Albany-Schenectady-Troy,MT3610580000000,New York,NY
105094,Binghamton,MT3613780000000,New York,NY
550089,Buffalo-Cheektowaga,MT3615380000000,New York,NY
34641,Elmira,MT3621300000000,New York,NY
57489,Glens Falls,MT3624020000000,New York,NY
47927,Ithaca,MT3627060000000,New York,NY
86046,Kingston,MT3628740000000,New York,NY
336157,Kiryas Joel-Poughkeepsie-Newburgh,MT3628880000000,New York,NY
10178936,New York-Newark-Jersey City,MT3635620000000,New York,NY
506303,Rochester,MT3640380000000,New York,NY
309728,Syracuse,MT3645060000000,New York,NY
124463,Utica-Rome,MT3646540000000,New York,NY
43888,Watertown-Fort Drum,MT3648060000000,New York,NY
212442,Asheville,MT3711700000000,North Carolina,NC
85678,Burlington,MT3715500000000,North Carolina,NC
1473144,Charlotte-Concord-Gastonia,MT3716740000000,North Carolina,NC
320909,Durham-Chapel Hill,MT3720500000000,North Carolina,NC
152589,Fayetteville,MT3722180000000,North Carolina,NC
51061,Goldsboro,MT3724140000000,North Carolina,NC
368768,Greensboro-High Point,MT3724660000000,North Carolina,NC
82746,Greenville,MT3724780000000,North Carolina,NC
169106,Hickory-Lenoir-Morganton,MT3725860000000,North Carolina,NC
74032,Jacksonville,MT3727340000000,North Carolina,NC
44175,Pinehurst-Southern Pines,MT3738240000000,North Carolina,NC
842472,Raleigh-Cary,MT3739580000000,North Carolina,NC
62907,Rocky Mount,MT3740580000000,North Carolina,NC
220083,Wilmington,MT3748900000000,North Carolina,NC
323445,Winston-Salem,MT3749180000000,North Carolina,NC
72924,Bismarck,MT3813900000000,North Dakota,ND
152494,Fargo,MT3822020000000,North Dakota,ND
57272,Grand Forks,MT3824220000000,North Dakota,ND
39584,Minot,MT3833500000000,North Dakota,ND
359850,Akron,MT3910420000000,Ohio,OH
195278,Canton-Massillon,MT3915940000000,Ohio,OH
1171762,Cincinnati,MT3917140000000,Ohio,OH
1088179,Cleveland,MT3917410000000,Ohio,OH
1156167,Columbus,MT3918140000000,Ohio,OH
394321,Dayton-Kettering-Beavercreek,MT3919430000000,Ohio,OH
47542,Lima,MT3930620000000,Ohio,OH
53659,Mansfield,MT3931900000000,Ohio,OH
56792,Sandusky,MT3941780000000,Ohio,OH
61990,Springfield,MT3944220000000,Ohio,OH
297986,Toledo,MT3945780000000,Ohio,OH
49997,Weirton-Steubenville,MT3948260000000,West Virginia,WV
193365,Youngstown-Warren,MT3949660000000,Ohio,OH
28024,Enid,MT4021420000000,Oklahoma,OK
52121,Lawton,MT4030020000000,Oklahoma,OK
773932,Oklahoma City,MT4036420000000,Oklahoma,OK
525388,Tulsa,MT4046140000000,Oklahoma,OK
62459,Albany,MT4110540000000,Oregon,OR
132764,Bend,MT4113460000000,Oregon,OR
49799,Corvallis,MT4118700000000,Oregon,OR
189586,Eugene-Springfield,MT4121660000000,Oregon,OR
34529,Grants Pass,MT4124420000000,Oregon,OR
104583,Medford,MT4132780000000,Oregon,OR
1381774,Portland-Vancouver-Hillsboro,MT4138900000000,Oregon,OR
223861,Salem,MT4141420000000,Oregon,OR
449031,Allentown-Bethlehem-Easton,MT4210900000000,Pennsylvania,PA
57037,Altoona,MT4211020000000,Pennsylvania,PA
76625,Chambersburg,MT4216540000000,Pennsylvania,PA
124881,Erie,MT4221500000000,Pennsylvania,PA
50689,Gettysburg,MT4223900000000,Pennsylvania,PA
311470,Harrisburg-Carlisle,MT4225420000000,Pennsylvania,PA
55575,Johnstown,MT4227780000000,Pennsylvania,PA
286883,Lancaster,MT4229540000000,Pennsylvania,PA
72973,Lebanon,MT4230140000000,Pennsylvania,PA
3264483,Philadelphia-Camden-Wilmington,MT4237980000000,Pennsylvania,PA
1216382,Pittsburgh,MT4238300000000,Pennsylvania,PA
216884,Reading,MT4239740000000,Pennsylvania,PA
277510,Scranton--Wilkes-Barre,MT4242540000000,Pennsylvania,PA
76573,State College,MT4244300000000,Pennsylvania,PA
52341,Williamsport,MT4248700000000,Pennsylvania,PA
236590,York-Hanover,MT4249620000000,Pennsylvania,PA
902513,Providence-Warwick,MT4439300000000,Rhode Island,RI
445264,Charleston-North Charleston,MT4516700000000,South Carolina,SC
421589,Columbia,MT4517900000000,South Carolina,SC
92109,Florence,MT4522500000000,South Carolina,SC
480726,Greenville-Anderson-Greer,MT4524860000000,South Carolina,SC
97339,Hilton Head Island-Bluffton-Port Royal,MT4525940000000,South Carolina,SC
167624,Myrtle Beach-Conway-North Myrtle Beach,MT4534820000000,South Carolina,SC
178681,Spartanburg,MT4543900000000,South Carolina,SC
41510,Sumter,MT4544940000000,South Carolina,SC
80264,Rapid City,MT4639660000000,South Dakota,SD
175720,Sioux Falls,MT4643620000000,South Dakota,SD
290866,Chattanooga,MT4716860000000,Tennessee,TN
140416,Clarksville,MT4717300000000,Tennessee,TN
56341,Cleveland,MT4717420000000,Tennessee,TN
78785,Jackson,MT4727180000000,Tennessee,TN
97246,Johnson City,MT4727740000000,Tennessee,TN
132913,Kingsport-Bristol,MT4728700000000,Tennessee,TN
455127,Knoxville,MT4728940000000,Tennessee,TN
628044,Memphis,MT4732820000000,Tennessee,TN
54168,Morristown,MT4734100000000,Tennessee,TN
1166588,Nashville-Davidson--Murfreesboro--Franklin,MT4734980000000,Tennessee,TN
87682,Abilene,MT4810180000000,Texas,TX
139082,Amarillo,MT4811100000000,Texas,TX
1517670,Austin-Round Rock-San Marcos,MT4812420000000,Texas,TX
185386,Beaumont-Port Arthur,MT4813140000000,Texas,TX
191514,Brownsville-Harlingen,MT4815180000000,Texas,TX
155380,College Station-Bryan,MT4817780000000,Texas,TX
211097,Corpus Christi,MT4818580000000,Texas,TX
4528463,Dallas-Fort Worth-Arlington,MT4819100000000,Texas,TX
24301,Eagle Pass,MT4820580000000,Texas,TX
419954,El Paso,MT4821340000000,Texas,TX
3869127,Houston-Pasadena-The Woodlands,MT4826420000000,Texas,TX
202425,Killeen-Temple,MT4828660000000,Texas,TX
120443,Laredo,MT4829700000000,Texas,TX
128876,Longview,MT4830980000000,Texas,TX
185497,Lubbock,MT4831180000000,Texas,TX
401144,McAllen-Edinburg-Mission,MT4832580000000,Texas,TX
104373,Midland,MT4833260000000,Texas,TX
87350,Odessa,MT4836220000000,Texas,TX
62989,San Angelo,MT4841660000000,Texas,TX
1351856,San Antonio-New Braunfels,MT4841700000000,Texas,TX
71760,Sherman-Denison,MT4843300000000,Texas,TX
62260,Texarkana,MT4845500000000,Texas,TX
119143,Tyler,MT4846340000000,Texas,TX
45339,Victoria,MT4847020000000,Texas,TX
147975,Waco,MT4847380000000,Texas,TX
66853,Wichita Falls,MT4848660000000,Texas,TX
81576,Logan,MT4930860000000,Utah,UT
352951,Ogden,MT4936260000000,Utah,UT
373164,Provo-Orem-Lehi,MT4939340000000,Utah,UT
95289,St. George,MT4941100000000,Utah,UT
738046,Salt Lake City-Murray,MT4941620000000,Utah,UT
130828,Burlington-South Burlington,MT5015540000000,Vermont,VT
93790,Blacksburg-Christiansburg-Radford,MT5113980000000,Virginia,VA
120642,Charlottesville,MT5116820000000,Virginia,VA
71305,Harrisonburg,MT5125500000000,Virginia,VA
126138,Lynchburg,MT5131340000000,Virginia,VA
724248,Richmond,MT5140060000000,Virginia,VA
158522,Roanoke,MT5140220000000,Virginia,VA
64567,Staunton-Stuarts Draft,MT5144420000000,Virginia,VA
875850,Virginia Beach-Chesapeake-Norfolk,MT5147260000000,Virginia,VA
77396,Winchester,MT5149020000000,Virginia,VA
112433,Bellingham,MT5313380000000,Washington,WA
122207,Bremerton-Silverdale-Port Orchard,MT5314740000000,Washington,WA
146657,Kennewick-Richland,MT5328420000000,Washington,WA
46872,Longview-Kelso,MT5331020000000,Washington,WA
59247,Mount Vernon-Anacortes,MT5334580000000,Washington,WA
144613,Olympia-Lacey-Tumwater,MT5336500000000,Washington,WA
2339272,Seattle-Tacoma-Bellevue,MT5342660000000,Washington,WA
280099,Spokane-Spokane Valley,MT5344060000000,Washington,WA
29291,Walla Walla,MT5347460000000,Washington,WA
59186,Wenatchee-East Wenatchee,MT5348300000000,Washington,WA
118941,Yakima,MT5349420000000,Washington,WA
45115,Beckley,MT5413220000000,West Virginia,WV
88430,Charleston,MT5416620000000,West Virginia,WV
156505,Huntington-Ashland,MT5426580000000,West Virginia,WV
70709,Morgantown,MT5434060000000,West Virginia,WV
38493,Parkersburg-Vienna,MT5437620000000,West Virginia,WV
59191,Wheeling,MT5448540000000,West Virginia,WV
137537,Appleton,MT5511540000000,Wisconsin,WI
96920,Eau Claire,MT5520740000000,Wisconsin,WI
54757,Fond du Lac,MT5522540000000,Wisconsin,WI
181151,Green Bay,MT5524580000000,Wisconsin,WI
87219,Janesville-Beloit,MT5527500000000,Wisconsin,WI
96469,Kenosha,MT5528450000000,Wisconsin,WI
91775,La Crosse-Onalaska,MT5529100000000,Wisconsin,WI
410591,Madison,MT5531540000000,Wisconsin,WI
821982,Milwaukee-Waukesha,MT5533340000000,Wisconsin,WI
93140,Oshkosh-Neenah,MT5536780000000,Wisconsin,WI
101258,Racine-Mount Pleasant,MT5539540000000,Wisconsin,WI
63604,Sheboygan,MT5543100000000,Wisconsin,WI
75023,Wausau,MT5548140000000,Wisconsin,WI
42403,Casper,MT5616220000000,Wyoming,WY
49313,Cheyenne,MT5616940000000,Wyoming,WY
1621991,Anaheim-Santa Ana-Irvine,DV0611244000000,California,CA
5091130,Los Angeles-Long Beach-Glendale,DV0631084000000,California,CA
1442549,Oakland-Fremont-Berkeley,DV0636084000000,California,CA
925699,San Francisco-San Mateo-Redwood City,DV0641884000000,California,CA
124159,San Rafael,DV0642034000000,California,CA
385430,Wilmington,DV1048864000000,Delaware,DE
1083109,Fort Lauderdale-Pompano Beach-Sunrise,DV1222744000000,Florida,FL
1445779,Miami-Miami Beach-Kendall,DV1233124000000,Florida,FL
498097,St. Petersburg-Clearwater-Largo,DV1241304000000,Florida,FL
1197788,Tampa,DV1245294000000,Florida,FL
774702,West Palm Beach-Boca Raton-Delray Beach,DV1248424000000,Florida,FL
2562436,Atlanta-Sandy Springs-Roswell,DV1312054000000,Georgia,GA
735920,Marietta,DV1331924000000,Georgia,GA
3890015,Chicago-Naperville-Schaumburg,DV1716984000000,Illinois,IL
408152,Elgin,DV1720994000000,Illinois,IL
370047,Lake County,DV1729404000000,Illinois,IL
350752,Lake County-Porter County-Jasper County,DV1829414000000,Indiana,IN
722071,Frederick-Gaithersburg-Bethesda,DV2423224000000,Maryland,MD
1186653,Boston,DV2514454000000,Massachusetts,MA
1400313,Cambridge-Newton-Framingham,DV2515764000000,Massachusetts,MA
821490,Detroit-Dearborn-Livonia,DV2619804000000,Michigan,MI
1351041,Warren-Troy-Farmington Hills,DV2647664000000,Michigan,MI
263382,Rockingham County-Strafford County,DV3340484000000,New Hampshire,NH
689716,Camden,DV3415804000000,New Jersey,NJ
1269359,Lakewood-New Brunswick,DV3429484000000,New Jersey,NJ
1155175,Newark,DV3435084000000,New Jersey,NJ
1473596,Nassau County-Suffolk County,DV3635004000000,New York,NY
6280806,New York-Jersey City-White Plains,DV3635614000000,New York,NY
1113153,Montgomery County-Bucks County-Chester County,DV4233874000000,Pennsylvania,PA
1076184,Philadelphia,DV4237964000000,Pennsylvania,PA
3084425,Dallas-Plano-Irving,DV4819124000000,Texas,TX
1444038,Fort Worth-Arlington-Grapevine,DV4823104000000,Texas,TX
1804922,Arlington-Alexandria-Reston,DV5111694000000,Virginia,VA
467243,Everett,DV5321794000000,Washington,WA
1377330,Seattle-Bellevue-Kent,DV5342644000000,Washington,WA
494699,Tacoma-Lakewood,DV5345104000000,Washington,WA
45065,Albertville,MC0110700000000,Alabama,AL
16383,Alexander City,MC0110760000000,Alabama,AL
40037,Cullman,MC0118980000000,Alabama,AL
23862,Enterprise,MC0121460000000,Alabama,AL
9566,Eufaula,MC0121640000000,Alabama,AL
32851,Fort Payne,MC0122840000000,Alabama,AL
19065,Ozark,MC0137120000000,Alabama,AL
13948,Russellville,MC0140770000000,Alabama,AL
21095,Scottsboro,MC0142460000000,Alabama,AL
14664,Selma,MC0142820000000,Alabama,AL
39272,Talladega-Sylacauga,MC0145180000000,Alabama,AL
15575,Troy,MC0145980000000,Alabama,AL
16187,Juneau,MC0227940000000,Alaska,AK
6752,Ketchikan,MC0228540000000,Alaska,AK
21009,Nogales,MC0435700000000,Arizona,AZ
21456,Payson,MC0437740000000,Arizona,AZ
17178,Safford,MC0440940000000,Arizona,AZ
37963,Show Low,MC0443320000000,Arizona,AZ
9348,Arkadelphia,MC0511660000000,Arkansas,AR
17858,Batesville,MC0512900000000,Arkansas,AR
20653,Blytheville,MC0514180000000,Arkansas,AR
11159,Camden,MC0515780000000,Arkansas,AR
15659,El Dorado,MC0520980000000,Arkansas,AR
7547,Forrest City,MC0522620000000,Arkansas,AR
19061,Harrison,MC0525460000000,Arkansas,AR
8752,Magnolia,MC0531620000000,Arkansas,AR
13249,Malvern,MC0531680000000,Arkansas,AR
16627,Mountain Home,MC0534260000000,Arkansas,AR
20158,Paragould,MC0537500000000,Arkansas,AR
27471,Pine Bluff,MC0538220000000,Arkansas,AR
37222,Russellville,MC0540780000000,Arkansas,AR
34651,Searcy,MC0542620000000,Arkansas,AR
8252,Bishop,MC0613860000000,California,CA
26025,Clearlake,MC0617340000000,California,CA
8795,Crescent City,MC0618860000000,California,CA
59972,Eureka-Arcata,MC0621700000000,California,CA
26724,Red Bluff,MC0639780000000,California,CA
21497,Sonora,MC0643760000000,California,CA
7963,Susanville,MC0645000000000,California,CA
47304,Truckee-Grass Valley,MC0646020000000,California,CA
36028,Ukiah,MC0646380000000,California,CA
12661,Alamosa,MC0810480000000,Colorado,CO
27610,Breckenridge,MC0814720000000,Colorado,CO
15655,Canon City,MC0815860000000,Colorado,CO
29585,Durango,MC0820420000000,Colorado,CO
36428,Edwards,MC0820780000000,Colorado,CO
14520,Fort Morgan,MC0822820000000,Colorado,CO
20108,Montrose,MC0833940000000,Colorado,CO
48218,Rifle,MC0840090000000,Colorado,CO
21967,Steamboat Springs,MC0844460000000,Colorado,CO
10544,Sterling,MC0844540000000,Colorado,CO
51250,Putnam,MC0939480000000,Connecticut,CT
62755,Torrington,MC0945860000000,Connecticut,CT
115733,Seaford,MC1042580000000,Delaware,DE
12521,Arcadia,MC1211580000000,Florida,FL
25279,Clewiston,MC1217500000000,Florida,FL
50013,Key West-Key Largo,MC1228580000000,Florida,FL
28044,Lake City,MC1229380000000,Florida,FL
15985,Okeechobee,MC1236380000000,Florida,FL
29170,Palatka,MC1237260000000,Florida,FL
13879,Americus,MC1311140000000,Georgia,GA
11798,Bainbridge,MC1312460000000,Georgia,GA
29423,Calhoun,MC1315660000000,Georgia,GA
19567,Cedartown,MC1316340000000,Georgia,GA
8948,Cordele,MC1318380000000,Georgia,GA
22188,Cornelia,MC1318460000000,Georgia,GA
22317,Douglas,MC1320060000000,Georgia,GA
22865,Dublin,MC1320140000000,Georgia,GA
6849,Fitzgerald,MC1322340000000,Georgia,GA
44883,Jefferson,MC1327600000000,Georgia,GA
12741,Jesup,MC1327700000000,Georgia,GA
23813,Kingsland,MC1328680000000,Georgia,GA
58243,LaGrange,MC1329300000000,Georgia,GA
19092,Milledgeville,MC1333300000000,Georgia,GA
21912,Moultrie,MC1334220000000,Georgia,GA
43480,Statesboro,MC1344340000000,Georgia,GA
9028,Summerville,MC1344900000000,Georgia,GA
12714,Thomaston,MC1345580000000,Georgia,GA
32515,Thomasville,MC1345620000000,Georgia,GA
23969,Tifton,MC1345700000000,Georgia,GA
10453,Toccoa,MC1345740000000,Georgia,GA
15367,Vidalia,MC1347080000000,Georgia,GA
21057,Waycross,MC1348180000000,Georgia,GA
91560,Hilo-Kailua,MC1525900000000,Hawaii,HI
36872,Kapaa,MC1528180000000,Hawaii,HI
23153,Blackfoot,MC1613940000000,Idaho,ID
23434,Burley,MC1615420000000,Idaho,ID
18181,Hailey,MC1625200000000,Idaho,ID
22147,Moscow,MC1634140000000,Idaho,ID
11789,Mountain Home,MC1634300000000,Idaho,ID
37037,Rexburg,MC1639940000000,Idaho,ID
23165,Sandpoint,MC1641760000000,Idaho,ID
15286,Canton,MC1715900000000,Illinois,IL
24472,Carbondale,MC1716060000000,Illinois,IL
16283,Centralia,MC1716460000000,Illinois,IL
23696,Charleston-Mattoon,MC1716660000000,Illinois,IL
30737,Danville,MC1719180000000,Illinois,IL
14913,Dixon,MC1719940000000,Illinois,IL
24318,Effingham,MC1720820000000,Illinois,IL
20925,Freeport,MC1723300000000,Illinois,IL
20621,Galesburg,MC1723660000000,Illinois,IL
16903,Jacksonville,MC1727300000000,Illinois,IL
11122,Lincoln,MC1730660000000,Illinois,IL
12901,Macomb,MC1731380000000,Illinois,IL
31643,Marion-Herrin,MC1732060000000,Illinois,IL
15846,Mount Vernon,MC1734500000000,Illinois,IL
70460,Ottawa,MC1736837000000,Illinois,IL
16705,Pontiac,MC1738700000000,Illinois,IL
37592,Quincy,MC1739500000000,Illinois,IL
24950,Rochelle,MC1740300000000,Illinois,IL
27426,Sterling,MC1744580000000,Illinois,IL
15296,Taylorville,MC1745380000000,Illinois,IL
17063,Angola,MC1811420000000,Indiana,IN
22497,Auburn,MC1812140000000,Indiana,IN
21602,Bedford,MC1813260000000,Indiana,IN
10374,Connersville,MC1818220000000,Indiana,IN
19966,Crawfordsville,MC1818820000000,Indiana,IN
15555,Decatur,MC1819540000000,Indiana,IN
16982,Frankfort,MC1823140000000,Indiana,IN
16799,Greencastle,MC1824600000000,Indiana,IN
13213,Greensburg,MC1824700000000,Indiana,IN
18801,Huntington,MC1826540000000,Indiana,IN
22041,Jasper,MC1827540000000,Indiana,IN
21944,Kendallville,MC1828340000000,Indiana,IN
18155,Logansport,MC1830900000000,Indiana,IN
15232,Madison,MC1831500000000,Indiana,IN
31049,Marion,MC1831980000000,Indiana,IN
11221,Monticello,MC1833900000000,Indiana,IN
22079,New Castle,MC1835220000000,Indiana,IN
15976,Peru,MC1837940000000,Indiana,IN
22661,Plymouth,MC1838500000000,Indiana,IN
30882,Richmond,MC1839980000000,Indiana,IN
23291,Seymour,MC1842980000000,Indiana,IN
17682,Vincennes,MC1847180000000,Indiana,IN
14614,Wabash,MC1847340000000,Indiana,IN
39599,Warsaw,MC1847700000000,Indiana,IN
16474,Washington,MC1847780000000,Indiana,IN
21470,Burlington,MC1915460000000,Iowa,IA
10917,Carroll,MC1916140000000,Iowa,IA
21558,Clinton,MC1917540000000,Iowa,IA
17608,Fort Dodge,MC1922700000000,Iowa,IA
14489,Fort Madison,MC1922800000000,Iowa,IA
13992,Le Mars,MC1930180000000,Iowa,IA
19631,Marshalltown,MC1932260000000,Iowa,IA
26603,Mason City,MC1932380000000,Iowa,IA
20550,Muscatine,MC1934700000000,Iowa,IA
12255,Oskaloosa,MC1936820000000,Iowa,IA
17409,Ottumwa,MC1936900000000,Iowa,IA
18742,Pella,MC1937800000000,Iowa,IA
8736,Spencer,MC1943980000000,Iowa,IA
9377,Spirit Lake,MC1944020000000,Iowa,IA
11128,Storm Lake,MC1944740000000,Iowa,IA
15248,Arkansas City-Winfield,MC2011680000000,Kansas,KS
8125,Atchison,MC2011860000000,Kansas,KS
18231,Dodge City,MC2019980000000,Kansas,KS
18934,Emporia,MC2021380000000,Kansas,KS
21268,Garden City,MC2023780000000,Kansas,KS
12313,Great Bend,MC2024460000000,Kansas,KS
17087,Hays,MC2025700000000,Kansas,KS
29820,Hutchinson,MC2026740000000,Kansas,KS
11065,Liberal,MC2030580000000,Kansas,KS
17510,McPherson,MC2032700000000,Kansas,KS
14122,Ottawa,MC2036840000000,Kansas,KS
19647,Pittsburg,MC2038260000000,Kansas,KS
32562,Salina,MC2041460000000,Kansas,KS
15883,Campbellsville,MC2115820000000,Kentucky,KY
55482,Corbin,MC2118340000000,Kentucky,KY
23271,Danville,MC2119220000000,Kentucky,KY
38253,Frankfort,MC2123180000000,Kentucky,KY
8761,Franklin,MC2123190000000,Kentucky,KY
22488,Glasgow,MC2123980000000,Kentucky,KY
24274,Henderson,MC2125775000000,Kentucky,KY
19701,Madisonville,MC2131580000000,Kentucky,KY
16753,Mayfield,MC2132460000000,Kentucky,KY
7534,Middlesborough,MC2133180000000,Kentucky,KY
19780,Mount Sterling,MC2134460000000,Kentucky,KY
16884,Murray,MC2134660000000,Kentucky,KY
31979,Pikeville,MC2138210000000,Kentucky,KY
57567,Richmond-Berea,MC2140080000000,Kentucky,KY
27393,Somerset,MC2143700000000,Kentucky,KY
18007,Bogalusa,MC2214220000000,Louisiana,LA
14255,DeRidder,MC2219760000000,Louisiana,LA
13096,Minden,MC2233380000000,Louisiana,LA
18640,Morgan City,MC2234020000000,Louisiana,LA
14542,Natchitoches,MC2235060000000,Louisiana,LA
28236,New Iberia,MC2235340000000,Louisiana,LA
32390,Opelousas,MC2236660000000,Louisiana,LA
21421,Ruston,MC2240820000000,Louisiana,LA
63510,Augusta-Waterville,MC2312300000000,Maine,ME
15247,Cambridge,MC2415700000000,Maryland,MD
38217,Cumberland,MC2419060000000,Maryland,MD
16498,Easton,MC2420660000000,Maryland,MD
24586,Ocean Pines,MC2436180000000,Maryland,MD
37531,Greenfield,MC2524640000000,Massachusetts,MA
8337,Nantucket,MC2534880000000,Massachusetts,MA
10125,Vineyard Haven,MC2547240000000,Massachusetts,MA
49085,Adrian,MC2610300000000,Michigan,MI
17332,Alma,MC2610940000000,Michigan,MI
14311,Alpena,MC2610980000000,Michigan,MI
18355,Big Rapids,MC2613660000000,Michigan,MI
22855,Cadillac,MC2615620000000,Michigan,MI
22576,Coldwater,MC2617740000000,Michigan,MI
17282,Escanaba,MC2621540000000,Michigan,MI
21839,Hillsdale,MC2625880000000,Michigan,MI
62982,Holland,MC2626090000000,Michigan,MI
18491,Houghton,MC2626340000000,Michigan,MI
14825,Iron Mountain,MC2627020000000,Michigan,MI
12898,Ludington,MC2631220000000,Michigan,MI
32951,Marquette,MC2632100000000,Michigan,MI
31265,Mount Pleasant,MC2634380000000,Michigan,MI
34868,Owosso,MC2637020000000,Michigan,MI
18238,Petoskey,MC2637950000000,Michigan,MI
17834,Sault Ste. Marie,MC2642300000000,Michigan,MI
28963,Sturgis,MC2644780000000,Michigan,MI
15767,Albert Lea,MC2710660000000,Minnesota,MN
21175,Alexandria,MC2710820000000,Minnesota,MN
20676,Austin,MC2712380000000,Minnesota,MN
22685,Bemidji,MC2713420000000,Minnesota,MN
47441,Brainerd,MC2714660000000,Minnesota,MN
17771,Detroit Lakes,MC2719810000000,Minnesota,MN
10344,Fairmont,MC2721860000000,Minnesota,MN
35594,Faribault-Northfield,MC2722060000000,Minnesota,MN
30421,Fergus Falls,MC2722260000000,Minnesota,MN
20856,Grand Rapids,MC2724330000000,Minnesota,MN
19956,Hutchinson,MC2726780000000,Minnesota,MN
13476,Marshall,MC2732140000000,Minnesota,MN
13713,New Ulm,MC2735580000000,Minnesota,MN
17860,Owatonna,MC2736940000000,Minnesota,MN
25812,Red Wing,MC2739860000000,Minnesota,MN
22561,Willmar,MC2748820000000,Minnesota,MN
28633,Winona,MC2749100000000,Minnesota,MN
10638,Worthington,MC2749380000000,Minnesota,MN
14677,Brookhaven,MC2815020000000,Mississippi,MS
6804,Clarksdale,MC2817260000000,Mississippi,MS
10805,Cleveland,MC2817380000000,Mississippi,MS
29846,Columbus,MC2818060000000,Mississippi,MS
14420,Corinth,MC2818420000000,Mississippi,MS
16118,Greenville,MC2824740000000,Mississippi,MS
12516,Greenwood,MC2824900000000,Mississippi,MS
12138,Grenada,MC2824980000000,Mississippi,MS
37318,Laurel,MC2829860000000,Mississippi,MS
19129,McComb,MC2832620000000,Mississippi,MS
35874,Meridian,MC2832940000000,Mississippi,MS
19565,Natchez,MC2835020000000,Mississippi,MS
34214,Oxford,MC2837060000000,Mississippi,MS
25031,Picayune,MC2838100000000,Mississippi,MS
26791,Starkville,MC2844260000000,Mississippi,MS
60073,Tupelo,MC2846180000000,Mississippi,MS
18590,Vicksburg,MC2846980000000,Mississippi,MS
26272,Branson,MC2914700000000,Missouri,MO
27982,Farmington,MC2922100000000,Missouri,MO
19181,Fort Leonard Wood,MC2922780000000,Missouri,MO
18142,Hannibal,MC2925300000000,Missouri,MO
11904,Kennett,MC2928380000000,Missouri,MO
13245,Kirksville,MC2928860000000,Missouri,MO
16229,Lebanon,MC2930060000000,Missouri,MO
11631,Marshall,MC2932180000000,Missouri,MO
12240,Maryville,MC2932340000000,Missouri,MO
10664,Mexico,MC2933020000000,Missouri,MO
10980,Moberly,MC2933620000000,Missouri,MO
17160,Poplar Bluff,MC2938740000000,Missouri,MO
20391,Rolla,MC2940620000000,Missouri,MO
20317,Sedalia,MC2942740000000,Missouri,MO
22717,Sikeston,MC2943460000000,Missouri,MO
25301,Warrensburg,MC2947660000000,Missouri,MO
16401,West Plains,MC2948460000000,Missouri,MO
17392,Butte-Silver Bow,MC3015580000000,Montana,MT
59518,Kalispell,MC3028060000000,Montana,MT
11137,Beatrice,MC3113100000000,Nebraska,NE
24019,Columbus,MC3118100000000,Nebraska,NE
19550,Fremont,MC3123340000000,Nebraska,NE
21776,Hastings,MC3125580000000,Nebraska,NE
32228,Kearney,MC3128260000000,Nebraska,NE
14520,Lexington,MC3130420000000,Nebraska,NE
25859,Norfolk,MC3135740000000,Nebraska,NE
17795,North Platte,MC3135820000000,Nebraska,NE
17304,Scottsbluff,MC3142420000000,Nebraska,NE
27729,Elko,MC3221220000000,Nevada,NV
10804,Fallon,MC3221980000000,Nevada,NV
23743,Gardnerville Ranchos,MC3223820000000,Nevada,NV
18968,Pahrump,MC3237220000000,Nevada,NV
8323,Winnemucca,MC3249080000000,Nevada,NV
83708,Concord,MC3318180000000,New Hampshire,NH
40535,Keene,MC3328300000000,New Hampshire,NH
32803,Laconia,MC3329060000000,New Hampshire,NH
118089,Lebanon-Claremont,MC3330150000000,New Hampshire,NH
24421,Alamogordo,MC3510460000000,New Mexico,NM
31562,Carlsbad-Artesia,MC3516100000000,New Mexico,NM
29666,Clovis,MC3517580000000,New Mexico,NM
10043,Deming,MC3519700000000,New Mexico,NM
16175,Espanola,MC3521580000000,New Mexico,NM
23211,Gallup,MC3523700000000,New Mexico,NM
35374,Hobbs,MC3526020000000,New Mexico,NM
11993,Las Vegas,MC3529780000000,New Mexico,NM
13909,Los Alamos,MC3531060000000,New Mexico,NM
28444,Roswell,MC3540740000000,New Mexico,NM
8425,Ruidoso,MC3540760000000,New Mexico,NM
10810,Silver City,MC3543500000000,New Mexico,NM
15606,Taos,MC3545340000000,New Mexico,NM
22116,Amsterdam,MC3611220000000,New York,NY
33825,Auburn,MC3612180000000,New York,NY
28855,Batavia,MC3612860000000,New York,NY
38743,Corning,MC3618500000000,New York,NY
21256,Cortland,MC3618660000000,New York,NY
23878,Gloversville,MC3624100000000,New York,NY
28563,Hudson,MC3626460000000,New York,NY
52238,Jamestown-Dunkirk,MC3627460000000,New York,NY
40902,Massena-Ogdensburg,MC3632390000000,New York,NY
36134,Monticello,MC3633910000000,New York,NY
32133,Olean,MC3636460000000,New York,NY
25767,Oneonta,MC3636580000000,New York,NY
33630,Plattsburgh,MC3638460000000,New York,NY
13504,Seneca Falls,MC3642900000000,New York,NY
34054,Albemarle,MC3710620000000,North Carolina,NC
58321,Anderson Creek,MC3711360000000,North Carolina,NC
28003,Boone,MC3714380000000,North Carolina,NC
13946,Brevard,MC3714820000000,North Carolina,NC
17917,Elizabeth City,MC3721020000000,North Carolina,NC
26225,Forest City,MC3722580000000,North Carolina,NC
18477,Henderson,MC3725780000000,North Carolina,NC
17385,Kill Devil Hills,MC3728620000000,North Carolina,NC
24241,Kinston,MC3728820000000,North Carolina,NC
12918,Laurinburg,MC3729900000000,North Carolina,NC
45125,Lumberton,MC3731300000000,North Carolina,NC
18824,Marion,MC3732000000000,North Carolina,NC
31354,Morehead City,MC3733980000000,North Carolina,NC
32217,Mount Airy,MC3734340000000,North Carolina,NC
49939,New Bern,MC3735100000000,North Carolina,NC
25783,North Wilkesboro,MC3735900000000,North Carolina,NC
24621,Roanoke Rapids,MC3740260000000,North Carolina,NC
19046,Rockingham,MC3740460000000,North Carolina,NC
30765,Sanford,MC3741820000000,North Carolina,NC
45369,Shelby-Kings Mountain,MC3743140000000,North Carolina,NC
18959,Washington,MC3747820000000,North Carolina,NC
29516,Waynesville,MC3748200000000,North Carolina,NC
34575,Wilson,MC3748980000000,North Carolina,NC
19679,Dickinson,MC3819860000000,North Dakota,ND
11002,Jamestown,MC3827420000000,North Dakota,ND
12480,Wahpeton,MC3847420000000,North Dakota,ND
20471,Williston,MC3848780000000,North Dakota,ND
25193,Ashland,MC3911740000000,Ohio,OH
28330,Athens,MC3911900000000,Ohio,OH
22769,Bellefontaine,MC3913340000000,Ohio,OH
18807,Bucyrus,MC3915340000000,Ohio,OH
16459,Cambridge,MC3915740000000,Ohio,OH
22604,Celina,MC3916380000000,Ohio,OH
32853,Chillicothe,MC3917060000000,Ohio,OH
14931,Coshocton,MC3918740000000,Ohio,OH
19382,Defiance,MC3919580000000,Ohio,OH
37002,Findlay,MC3922300000000,Ohio,OH
27897,Fremont,MC3923380000000,Ohio,OH
12551,Gallipolis,MC3923680000000,Ohio,OH
25394,Greenville,MC3924820000000,Ohio,OH
27344,Marietta,MC3931930000000,Ohio,OH
26916,Marion,MC3932020000000,Ohio,OH
30412,Mount Vernon,MC3934540000000,Ohio,OH
45293,New Philadelphia-Dover,MC3935420000000,Ohio,OH
28593,Norwalk,MC3935940000000,Ohio,OH
29689,Portsmouth,MC3939020000000,Ohio,OH
45142,Salem,MC3941400000000,Ohio,OH
23941,Sidney,MC3943380000000,Ohio,OH
26387,Tiffin,MC3945660000000,Ohio,OH
18955,Urbana,MC3946500000000,Ohio,OH
14638,Van Wert,MC3946780000000,Ohio,OH
24022,Wapakoneta,MC3947540000000,Ohio,OH
13232,Washington Court House,MC3947920000000,Ohio,OH
21835,Wilmington,MC3948940000000,Ohio,OH
55734,Wooster,MC3949300000000,Ohio,OH
41459,Zanesville,MC3949780000000,Ohio,OH
19148,Ada,MC4010220000000,Oklahoma,OK
12256,Altus,MC4011060000000,Oklahoma,OK
22368,Ardmore,MC4011620000000,Oklahoma,OK
23289,Bartlesville,MC4012780000000,Oklahoma,OK
19243,Duncan,MC4020340000000,Oklahoma,OK
23472,Durant,MC4020460000000,Oklahoma,OK
9233,Elk City,MC4021120000000,Oklahoma,OK
14074,Guymon,MC4025100000000,Oklahoma,OK
17068,McAlester,MC4032540000000,Oklahoma,OK
14310,Miami,MC4033060000000,Oklahoma,OK
25305,Muskogee,MC4034780000000,Oklahoma,OK
19169,Ponca City,MC4038620000000,Oklahoma,OK
32921,Shawnee,MC4043060000000,Oklahoma,OK
40432,Stillwater,MC4044660000000,Oklahoma,OK
22646,Tahlequah,MC4045140000000,Oklahoma,OK
20682,Weatherford,MC4048220000000,Oklahoma,OK
9531,Woodward,MC4049260000000,Oklahoma,OK
19153,Astoria,MC4111820000000,Oregon,OR
6786,Baker City,MC4112520000000,Oregon,OR
7964,Brookings,MC4115060000000,Oregon,OR
26752,Coos Bay-North Bend,MC4118300000000,Oregon,OR
42406,Hermiston-Pendleton,MC4125840000000,Oregon,OR
13723,Hood River,MC4126220000000,Oregon,OR
28483,Klamath Falls,MC4128900000000,Oregon,OR
11853,La Grande,MC4129260000000,Oregon,OR
20248,Newport,MC4135440000000,Oregon,OR
25547,Ontario,MC4136620000000,Oregon,OR
46060,Roseburg,MC4140700000000,Oregon,OR
12531,The Dalles,MC4145520000000,Oregon,OR
31059,Bloomsburg-Berwick,MC4214100000000,Pennsylvania,PA
16676,Bradford,MC4214620000000,Pennsylvania,PA
34933,DuBois,MC4220180000000,Pennsylvania,PA
82338,East Stroudsburg,MC4220700000000,Pennsylvania,PA
28130,Hemlock Farms,MC4225770000000,Pennsylvania,PA
45726,Hermitage,MC4225850000000,Pennsylvania,PA
18907,Huntingdon,MC4226500000000,Pennsylvania,PA
35105,Indiana,MC4226860000000,Pennsylvania,PA
17524,Lewisburg,MC4230260000000,Pennsylvania,PA
23266,Lewistown,MC4230380000000,Pennsylvania,PA
17169,Lock Haven,MC4230820000000,Pennsylvania,PA
36700,Meadville,MC4232740000000,Pennsylvania,PA
20186,Oil City,MC4236340000000,Pennsylvania,PA
66501,Pottsville,MC4239060000000,Pennsylvania,PA
14394,St. Marys,MC4241260000000,Pennsylvania,PA
26134,Sayre,MC4242380000000,Pennsylvania,PA
19572,Selinsgrove,MC4242780000000,Pennsylvania,PA
32174,Somerset,MC4243740000000,Pennsylvania,PA
51306,Sunbury,MC4244980000000,Pennsylvania,PA
15888,Warren,MC4247620000000,Pennsylvania,PA
22753,Gaffney,MC4523500000000,South Carolina,SC
39148,Greenwood,MC4524940000000,South Carolina,SC
27342,Murrells Inlet,MC4534680000000,South Carolina,SC
18168,Newberry,MC4535140000000,South Carolina,SC
34896,Orangeburg,MC4536700000000,South Carolina,SC
35638,Seneca,MC4542860000000,South Carolina,SC
22232,Aberdeen,MC4610100000000,South Dakota,SD
19808,Brookings,MC4615100000000,South Dakota,SD
8923,Huron,MC4626700000000,South Dakota,SD
14532,Mitchell,MC4633580000000,South Dakota,SD
11266,Pierre,MC4638180000000,South Dakota,SD
15305,Spearfish,MC4643940000000,South Dakota,SD
8134,Vermillion,MC4646820000000,South Dakota,SD
16732,Watertown,MC4647980000000,South Dakota,SD
12451,Yankton,MC4649460000000,South Dakota,SD
25083,Athens,MC4711940000000,Tennessee,TN
64355,Cookeville,MC4718260000000,Tennessee,TN
23494,Crossville,MC4718900000000,Tennessee,TN
18044,Dyersburg,MC4720540000000,Tennessee,TN
16832,Fayetteville,MC4722190000000,Tennessee,TN
28234,Greeneville,MC4724620000000,Tennessee,TN
19541,Lawrenceburg,MC4729980000000,Tennessee,TN
16678,Lewisburg,MC4730280000000,Tennessee,TN
14070,Martin,MC4732280000000,Tennessee,TN
17401,McMinnville,MC4732660000000,Tennessee,TN
14888,Newport,MC4735460000000,Tennessee,TN
12965,Paris,MC4737540000000,Tennessee,TN
51988,Sevierville,MC4742940000000,Tennessee,TN
25530,Shelbyville,MC4743180000000,Tennessee,TN
29449,Tullahoma-Manchester,MC4746100000000,Tennessee,TN
13636,Union City,MC4746460000000,Tennessee,TN
18241,Winchester,MC4749010000000,Tennessee,TN
18483,Alice,MC4810860000000,Texas,TX
9585,Andrews,MC4811380000000,Texas,TX
36353,Athens,MC4811980000000,Texas,TX
